publish_date,country,vacancies_posted,unique_companies,cumulative_total
2023-05-11,United Kingdom,1,1,1
2023-12-28,United Kingdom,1,1,2
2024-03-05,United Kingdom,1,1,3
2024-07-31,United Kingdom,1,1,4
2025-03-31,United Kingdom,2,2,6
2025-05-22,United Kingdom,17,8,23
2025-07-10,United Kingdom,2,2,25
2025-07-31,United Kingdom,1,1,26
2025-09-26,United Kingdom,1,1,27
2025-10-20,United Kingdom,1,1,28
2025-11-12,United Kingdom,1,1,29
2025-11-14,United Kingdom,1,1,30
2025-12-01,United Kingdom,1,1,31
2025-12-23,United Kingdom,1,1,32
2026-01-07,United Kingdom,1,1,33
2026-01-15,United Kingdom,1,1,34
2026-01-22,United Kingdom,1,1,35
2026-01-29,United Kingdom,2,1,37
2026-02-19,United Kingdom,2,2,39
2026-02-27,United Kingdom,1,1,40
2026-03-11,United Kingdom,2,1,42
2026-03-14,United Kingdom,1,1,43
2026-03-18,United Kingdom,1,1,44
2026-03-20,United Kingdom,1,1,45
2026-04-08,United Kingdom,1,1,46
2026-04-10,United Kingdom,1,1,47
2026-04-30,United Kingdom,1,1,48
2026-05-14,United Kingdom,1,1,49
2026-05-19,United Kingdom,1,1,50
2026-05-22,United Kingdom,2,2,52
2026-05-23,United Kingdom,1,1,53
2026-05-27,United Kingdom,1,1,54
2026-05-30,United Kingdom,1,1,55
2026-05-31,United Kingdom,1,1,56
2026-06-01,United Kingdom,2,2,58
2026-06-02,United Kingdom,1,1,59
2026-06-03,United Kingdom,1,1,60
2026-06-07,United Kingdom,1,1,61
2026-06-11,United Kingdom,1,1,62
2026-06-14,United Kingdom,1,1,63
2026-06-17,United Kingdom,1,1,64
2026-06-19,United Kingdom,1,1,65
2026-06-21,United Kingdom,1,1,66
2026-06-25,United Kingdom,2,2,68
2026-06-26,United Kingdom,1,1,69
2026-06-28,United Kingdom,1,1,70
2026-06-29,United Kingdom,1,1,71
2026-06-30,United Kingdom,1,1,72
2026-07-03,United Kingdom,1,1,73
2026-07-04,United Kingdom,2,2,75
2026-07-05,United Kingdom,1,1,76
2026-07-06,United Kingdom,2,2,78
2026-07-09,United Kingdom,1,1,79
2026-07-10,United Kingdom,1,1,80
2026-07-12,United Kingdom,2,2,82
2026-07-15,United Kingdom,3,3,85
2026-07-16,United Kingdom,3,3,88
2026-07-17,United Kingdom,2,2,90
2026-07-19,United Kingdom,1,1,91
2026-07-23,United Kingdom,2,2,93
2026-07-24,United Kingdom,2,2,95
2026-07-25,United Kingdom,3,3,98
2026-07-26,United Kingdom,4,4,102
2026-07-27,United Kingdom,3,2,105
2026-07-28,United Kingdom,2,2,107
2026-07-29,United Kingdom,1,1,108
2026-07-30,United Kingdom,2,2,110
2026-08-01,United Kingdom,3,3,113
2026-08-03,United Kingdom,1,1,114
2026-08-04,United Kingdom,2,2,116
2026-08-05,United Kingdom,5,5,121
2026-08-07,United Kingdom,1,1,122
2026-08-08,United Kingdom,5,5,127
2026-08-09,United Kingdom,4,4,131
2026-08-11,United Kingdom,9,5,140
2026-08-12,United Kingdom,4,3,144
2026-08-13,United Kingdom,8,5,152
2026-08-14,United Kingdom,6,5,158
2026-08-15,United Kingdom,3,3,161
2026-08-17,United Kingdom,6,6,167
2026-08-18,United Kingdom,7,7,174
2026-08-19,United Kingdom,8,8,182
2026-08-20,United Kingdom,9,7,191
2026-08-21,United Kingdom,9,8,200
2026-08-22,United Kingdom,8,8,208
2026-08-23,United Kingdom,4,4,212
2026-08-24,United Kingdom,8,7,220
2026-08-25,United Kingdom,30,19,250
2026-08-26,United Kingdom,14,13,264
2026-08-27,United Kingdom,19,13,283
2026-08-28,United Kingdom,21,17,304
2026-08-29,United Kingdom,5,4,309
2026-08-30,United Kingdom,4,4,313
2026-08-31,United Kingdom,1,1,314
2026-09-01,United Kingdom,24,13,338
2026-09-02,United Kingdom,16,12,354
2026-09-03,United Kingdom,29,18,383
2026-09-04,United Kingdom,17,14,400
2026-09-05,United Kingdom,14,9,414
2026-09-06,United Kingdom,9,9,423
2026-09-07,United Kingdom,15,12,438
2026-09-08,United Kingdom,7,6,445
2026-09-09,United Kingdom,24,22,469
2026-09-10,United Kingdom,38,30,507
2026-09-11,United Kingdom,21,18,528
2026-09-12,United Kingdom,14,12,542
2026-09-13,United Kingdom,6,6,548
2026-09-14,United Kingdom,33,18,581
2026-09-15,United Kingdom,28,24,609
2026-09-16,United Kingdom,28,21,637
2026-09-17,United Kingdom,26,20,663
2026-09-18,United Kingdom,35,33,698
2026-09-19,United Kingdom,24,22,722
2026-09-20,United Kingdom,10,9,732
2026-09-21,United Kingdom,41,16,773
2026-09-22,United Kingdom,34,22,807
2026-09-23,United Kingdom,39,31,846
2026-09-24,United Kingdom,55,41,901
2026-09-25,United Kingdom,23,22,924
2026-09-26,United Kingdom,23,19,947
2026-09-27,United Kingdom,10,9,957
2026-09-28,United Kingdom,8,8,965
2026-09-29,United Kingdom,21,18,986
2026-09-30,United Kingdom,47,30,1033
2026-10-01,United Kingdom,49,37,1082
2026-10-02,United Kingdom,50,35,1132
2026-10-03,United Kingdom,13,13,1145
2026-10-04,United Kingdom,22,20,1167
2026-10-05,United Kingdom,17,17,1184
2026-10-06,United Kingdom,22,19,1206
2026-10-07,United Kingdom,37,25,1243
2026-10-08,United Kingdom,49,41,1292
2026-10-09,United Kingdom,28,27,1320
2026-10-10,United Kingdom,9,8,1329
2023-10-15,United States,1,1,1
2024-05-10,United States,1,1,2
2025-11-18,United States,1,1,3
2025-12-04,United States,1,1,4
2026-02-17,United States,1,1,5
2026-03-24,United States,1,1,6
2026-03-27,United States,6,4,12
2026-03-30,United States,3,3,15
2026-04-08,United States,1,1,16
2026-04-16,United States,1,1,17
2026-04-25,United States,1,1,18
2026-04-29,United States,1,1,19
2026-04-30,United States,1,1,20
2026-05-19,United States,1,1,21
2026-05-20,United States,2,2,23
2026-05-25,United States,15,14,38
2026-05-27,United States,1,1,39
2026-05-28,United States,2,2,41
2026-05-29,United States,1,1,42
2026-06-01,United States,2,2,44
2026-06-02,United States,1,1,45
2026-06-04,United States,1,1,46
2026-06-05,United States,2,2,48
2026-06-11,United States,1,1,49
2026-06-13,United States,2,2,51
2026-06-17,United States,1,1,52
2026-06-19,United States,1,1,53
2026-06-20,United States,1,1,54
2026-06-22,United States,1,1,55
2026-06-24,United States,3,3,58
2026-06-25,United States,2,2,60
2026-06-26,United States,3,1,63
2026-06-28,United States,1,1,64
2026-06-30,United States,3,3,67
2026-07-02,United States,2,2,69
2026-07-03,United States,1,1,70
2026-07-06,United States,3,2,73
2026-07-07,United States,1,1,74
2026-07-08,United States,3,2,77
2026-07-09,United States,2,2,79
2026-07-10,United States,1,1,80
2026-07-11,United States,3,2,83
2026-07-12,United States,3,2,86
2026-07-13,United States,2,2,88
2026-07-14,United States,4,2,92
2026-07-16,United States,5,4,97
2026-07-17,United States,7,6,104
2026-07-18,United States,1,1,105
2026-07-19,United States,1,1,106
2026-07-20,United States,2,2,108
2026-07-21,United States,5,5,113
2026-07-22,United States,1,1,114
2026-07-23,United States,4,4,118
2026-07-24,United States,6,6,124
2026-07-25,United States,1,1,125
2026-07-27,United States,7,3,132
2026-07-28,United States,5,5,137
2026-07-29,United States,3,3,140
2026-07-30,United States,1,1,141
2026-07-31,United States,4,3,145
2026-08-01,United States,6,5,151
2026-08-02,United States,2,2,153
2026-08-03,United States,1,1,154
2026-08-04,United States,3,3,157
2026-08-05,United States,3,3,160
2026-08-06,United States,13,8,173
2026-08-07,United States,34,1,207
2026-08-08,United States,7,3,214
2026-08-09,United States,1,1,215
2026-08-10,United States,2,2,217
2026-08-11,United States,5,5,222
2026-08-12,United States,3,3,225
2026-08-13,United States,5,5,230
2026-08-14,United States,9,8,239
2026-08-15,United States,1,1,240
2026-08-17,United States,5,5,245
2026-08-18,United States,5,4,250
2026-08-19,United States,9,6,259
2026-08-20,United States,10,10,269
2026-08-21,United States,7,7,276
2026-08-22,United States,7,6,283
2026-08-24,United States,6,6,289
2026-08-25,United States,11,11,300
2026-08-26,United States,32,15,332
2026-08-27,United States,17,16,349
2026-08-28,United States,11,11,360
2026-08-29,United States,4,4,364
2026-08-30,United States,3,2,367
2026-08-31,United States,4,4,371
2026-09-01,United States,57,15,428
2026-09-02,United States,57,12,485
2026-09-03,United States,34,18,519
2026-09-04,United States,12,10,531
2026-09-05,United States,3,3,534
2026-09-06,United States,8,5,542
2026-09-07,United States,2,2,544
2026-09-08,United States,14,13,558
2026-09-09,United States,19,17,577
2026-09-10,United States,26,25,603
2026-09-11,United States,32,27,635
2026-09-12,United States,22,11,657
2026-09-13,United States,25,5,682
2026-09-14,United States,17,10,699
2026-09-15,United States,226,114,925
2026-09-16,United States,159,48,1084
2026-09-17,United States,76,41,1160
2026-09-18,United States,39,25,1199
2026-09-19,United States,22,9,1221
2026-09-20,United States,5,5,1226
2026-09-21,United States,76,30,1302
2026-09-22,United States,27,25,1329
2026-09-23,United States,146,87,1475
2026-09-24,United States,175,86,1650
2026-09-25,United States,92,41,1742
2026-09-26,United States,15,11,1757
2026-09-27,United States,53,9,1810
2026-09-28,United States,125,49,1935
2026-09-29,United States,42,34,1977
2026-09-30,United States,187,77,2164
2026-10-01,United States,105,67,2269
2026-10-02,United States,132,60,2401
2026-10-03,United States,97,48,2498
2026-10-04,United States,38,23,2536
2026-10-05,United States,49,36,2585
2026-10-06,United States,432,339,3017
2026-10-07,United States,267,191,3284
2026-10-08,United States,25,17,3309
2026-10-09,United States,56,36,3365
2026-10-10,United States,5,5,3370
