country,city,vacancy_count,company_count,avg_min_usd
United Kingdom,Abbotts Barton,1,1,34340.8
United Kingdom,Alloa,7,3,63351.07798571429
United Kingdom,Alnwick,1,1,37818.06
United Kingdom,Alton,1,1,34290.0
United Kingdom,Angel,1,1,44450.0
United Kingdom,Annaclone,1,1,58677.9116
United Kingdom,Antrim,1,1,58086.23130000001
United Kingdom,Ardwick,1,1,40732.71
United Kingdom,Ash Vale,1,1,83820.0
United Kingdom,Ashford,1,1,36559.49
United Kingdom,Ashington,4,1,38100.0
United Kingdom,Balsall Heath,4,4,45418.375
United Kingdom,Banbury,1,1,44450.0
United Kingdom,Bangor,1,1,59713.3553
United Kingdom,Bankside,1,1,75103.32960000001
United Kingdom,Barbican,1,1,76200.0
United Kingdom,Barking,1,1,99060.0
United Kingdom,Barn Hill,1,1,38100.0
United Kingdom,Basildon,1,1,50800.0
United Kingdom,Basingstoke,1,1,82550.0
United Kingdom,Bath,2,1,44450.0
United Kingdom,Bebside,1,1,40961.31
United Kingdom,Beddington,3,2,29633.333333333332
United Kingdom,Bedfont,1,1,32283.4
United Kingdom,Bedford,4,2,51219.636575
United Kingdom,Belfast,18,11,63908.68035555556
United Kingdom,Belgrave,2,2,48895.0
United Kingdom,Belmont,1,1,38100.0
United Kingdom,Bensham,1,1,63500.0
United Kingdom,Bestwood Village,1,1,74656.2896
United Kingdom,Bicester,2,2,54140.36035
United Kingdom,Biggin Hill,1,1,62456.2378
United Kingdom,Bilsthorpe,1,1,50425.5913
United Kingdom,Birchills,3,2,46567.090000000004
United Kingdom,Birmingham,25,15,57057.469324000005
United Kingdom,Bishopsgate,1,1,76200.0
United Kingdom,Blackfriars,1,1,84560.7656
United Kingdom,Blackley,2,1,22702.45015
United Kingdom,Bodelwyddan,1,1,57603.39
United Kingdom,Bodicote,1,1,44450.0
United Kingdom,Borough,1,1,53069.4011
United Kingdom,Bourne End,1,1,56028.9456
United Kingdom,Bracebridge,1,1,38100.0
United Kingdom,Brackla,1,1,31750.0
United Kingdom,Bradford,5,3,62019.88104000001
United Kingdom,Bridgend,1,1,35560.0
United Kingdom,Brighton,1,1,38396.976800000004
United Kingdom,Bristol,20,16,58679.95439499999
United Kingdom,Broadbottom,1,1,64235.4824
United Kingdom,Broadgate,3,1,82550.0
United Kingdom,Bromsgrove,1,1,76200.0
United Kingdom,Burn Bridge,1,1,41882.8982
United Kingdom,Burslem,1,1,61646.777899999994
United Kingdom,Burton-On-Trent,1,1,46824.0237
United Kingdom,Bury,2,1,40859.9513
United Kingdom,Cambridge,3,3,53113.6987
United Kingdom,Cambridgeshire,1,1,38100.0
United Kingdom,Cardiff,4,3,72311.4759
United Kingdom,Cardiff County,8,3,78661.54575
United Kingdom,Carrickfergus,1,1,56855.4997
United Kingdom,Carryduff,1,1,55199.6102
United Kingdom,Castle Donington,2,1,44450.0
United Kingdom,Castlereagh,1,1,62292.661799999994
United Kingdom,Caversham,3,2,74894.86756666667
United Kingdom,Central London,7,6,65866.96794285714
United Kingdom,Chadwell Heath,1,1,38100.0
United Kingdom,Charing Cross,3,3,76190.10246666666
United Kingdom,Chelsea,2,2,69765.4815
United Kingdom,Chertsey,1,1,82550.0
United Kingdom,Chester,4,2,81116.0049
United Kingdom,Chilworth Science Park,1,1,21132.8
United Kingdom,Christchurch,1,1,34128.71
United Kingdom,Cirencester,1,1,42303.191999999995
United Kingdom,Clapham,1,1,44450.0
United Kingdom,Clapham Junction,1,1,66569.209
United Kingdom,Cliddesden,1,1,43180.0
United Kingdom,Coalville,1,1,38877.1638
United Kingdom,Coleraine,2,1,60325.0
United Kingdom,Colindale,1,1,47941.23
United Kingdom,Corsham,2,1,132080.0
United Kingdom,County Antrim,6,6,72028.86915
United Kingdom,Coupar Angus,1,1,57150.0
United Kingdom,Covent Garden,3,2,51260.73906666667
United Kingdom,Craigavon,1,1,58475.2958
United Kingdom,Crawley,1,1,44450.0
United Kingdom,Croydon,1,1,65039.2908
United Kingdom,Crumlin,1,1,56321.2869
United Kingdom,Cwmbran,2,1,41934.130000000005
United Kingdom,Cwmoody,1,1,0.0
United Kingdom,Daisy Hill,1,1,40732.71
United Kingdom,Darlington,2,2,78038.36945
United Kingdom,Derby,2,2,44450.0
United Kingdom,Deritend,2,1,48323.5
United Kingdom,Devon,1,1,42111.993500000004
United Kingdom,Dickens Heath,1,1,47548.8
United Kingdom,Diseworth,1,1,67236.721
United Kingdom,Ditton,1,1,60756.8
United Kingdom,Doncaster,1,1,76200.0
United Kingdom,Durham,1,1,49530.0
United Kingdom,East Coker,1,1,51247.04
United Kingdom,East London,4,3,39687.5
United Kingdom,Easton,3,3,39884.0325
United Kingdom,Eastry,2,1,38100.0
United Kingdom,Eastwick,1,1,38100.0
United Kingdom,Eccleston,1,1,73660.0
United Kingdom,Edinburgh,16,8,69962.47834375
United Kingdom,Edinburgh City Centre,6,4,52847.65486666667
United Kingdom,Edinburgh Technopole,3,3,68189.54696666666
United Kingdom,Ellesmere Port,1,1,41987.0001
United Kingdom,Elstow,2,2,38608.0
United Kingdom,Englefield,2,1,132080.0
United Kingdom,Exeter,3,2,36691.6589
United Kingdom,Fareham,3,3,60606.04253333333
United Kingdom,Farnborough,2,1,54866.2733
United Kingdom,Farringdon,19,17,72335.94077894738
United Kingdom,Fenchurch St,1,1,52789.302599999995
United Kingdom,Finaghy,1,1,58950.225
United Kingdom,Fleet Street,1,1,50886.4616
United Kingdom,Fosdyke,1,1,36491.4942
United Kingdom,Four Ashes,1,1,44394.882
United Kingdom,Full Sutton,1,1,38100.0
United Kingdom,Furzedown,1,1,29057.600000000002
United Kingdom,Gateshead,5,4,61109.9489
United Kingdom,Glasgow,22,13,65400.07297727273
United Kingdom,Glasgow City Centre,4,4,85443.545775
United Kingdom,Godmanchester,1,1,49723.04
United Kingdom,Golborne Dale,3,2,57666.3058
United Kingdom,Grangemouth,1,1,38101.270000000004
United Kingdom,Grangetown,1,1,57150.0
United Kingdom,Greyabbey,1,1,58677.9116
United Kingdom,Gunnersbury,1,1,60743.719
United Kingdom,Hackney,2,1,41275.0
United Kingdom,Hammersmith,1,1,58302.347200000004
United Kingdom,Hampshire,2,2,99720.4
United Kingdom,Handbridge,1,1,69850.0
United Kingdom,Hatfield,2,1,65447.951400000005
United Kingdom,Haydon,1,1,40926.4993
United Kingdom,Healey,1,1,49138.8273
United Kingdom,Helens Bay,1,1,55780.9781
United Kingdom,Hengoed,1,1,44709.2451
United Kingdom,Hereford,5,3,70262.89986
United Kingdom,Higham Hill,1,1,76200.0
United Kingdom,Higher Ferry,1,1,73950.72839999999
United Kingdom,Hillhouse,1,1,38100.0
United Kingdom,Hillingdon,1,1,56186.07
United Kingdom,Histon,2,1,57150.0
United Kingdom,Holbeck,11,7,57725.6148
United Kingdom,Holborn,3,3,65420.15956666667
United Kingdom,Holcot,1,1,99060.0
United Kingdom,Hook Norton,2,2,50800.0
United Kingdom,Horsham,2,2,50869.246750000006
United Kingdom,Hounslow,3,1,82550.0
United Kingdom,Howden,2,2,31985.15955
United Kingdom,Hulme,1,1,80010.0
United Kingdom,Hyde Park,7,5,68411.5726
United Kingdom,Intack,4,2,55562.5
United Kingdom,Inverness,1,1,44450.0
United Kingdom,Ipswich,2,1,55196.7654
United Kingdom,Islington,1,1,66040.0
United Kingdom,Kingfisher Shopping Centre,1,1,46266.4175
United Kingdom,Kings Cross,2,1,62991.67615
United Kingdom,Kings Hill,1,1,43194.770099999994
United Kingdom,Kingston Upon Thames,2,2,97515.45775
United Kingdom,Knightsbridge,5,1,56607.7227
United Kingdom,Lathbury,1,1,69850.0
United Kingdom,Leamington Spa,1,1,55659.020000000004
United Kingdom,Leamouth,1,1,95250.0
United Kingdom,Leatherhead,1,1,0.0
United Kingdom,Leavesden,1,1,46045.6661
United Kingdom,Leeds,28,21,57574.068875
United Kingdom,Leicester,8,4,74077.471225
United Kingdom,Lisburn,2,1,55159.1353
United Kingdom,Littlemore,1,1,66818.34490000001
United Kingdom,Liverpool,8,4,75932.7142125
United Kingdom,Liverpool Street,1,1,80001.7577
United Kingdom,Llandavenny,1,1,42555.4394
United Kingdom,London,309,194,74669.8879708738
United Kingdom,London Fields,1,1,38100.0
United Kingdom,Luton,2,2,71978.52
United Kingdom,Magheralin,1,1,69109.8821
United Kingdom,Manchester,45,32,60274.51637111111
United Kingdom,Manchester Science Park,4,4,63133.792325
United Kingdom,Maney,1,1,38100.0
United Kingdom,Marehay,1,1,52686.5469
United Kingdom,Marston Green,1,1,45048.9066
United Kingdom,Mayfair,1,1,69850.0
United Kingdom,Middleton Stoney,1,1,63500.0
United Kingdom,Milton Keynes,6,6,85513.33333333333
United Kingdom,Minworth Industrial Park,1,1,66169.7559
United Kingdom,Monument,2,2,52705.0
United Kingdom,Mountnessing,1,1,48134.5621
United Kingdom,Mumbles,1,1,48260.0
United Kingdom,Mynyddislwyn,1,1,38100.0
United Kingdom,Neston,1,1,53425.3694
United Kingdom,Nether Alderley,1,1,77470.0
United Kingdom,New Stevenston,1,1,54237.89
United Kingdom,New York Industrial Park,2,1,44450.0
United Kingdom,Newcastle Upon Tyne,6,5,58018.05135
United Kingdom,Newton-Le-Willows,2,1,48909.34465
United Kingdom,Newtown,3,2,33443.333333333336
United Kingdom,Newtownabbey,1,1,55311.0019
United Kingdom,Newtownards,2,1,56472.0994
United Kingdom,North Acton,1,1,148590.0
United Kingdom,North London,3,2,82550.0
United Kingdom,Northampton,3,3,50800.0
United Kingdom,Norwich,1,1,38100.0
United Kingdom,Nottingham,4,4,55454.0928
United Kingdom,Oakengates,1,1,59977.8963
United Kingdom,Ocean Village,2,2,118110.0
United Kingdom,Old Catton,1,1,31750.0
United Kingdom,Oldbury,2,1,41166.34515
United Kingdom,Ormeau,2,1,66699.89199999999
United Kingdom,Ottershaw,1,1,82550.0
United Kingdom,Oxford,5,4,42962.4744
United Kingdom,Pampisford,1,1,57150.0
United Kingdom,Parkstone,1,1,60460.0645
United Kingdom,Pendlebury,2,1,38100.0
United Kingdom,Pentrich,1,1,50955.4226
United Kingdom,Peterborough,1,1,67157.5746
United Kingdom,Pillaton,1,1,45808.9
United Kingdom,Pimlico,1,1,165100.0
United Kingdom,Poolsbrook,1,1,36582.680199999995
United Kingdom,Poplar,2,2,72153.48155
United Kingdom,Porters Wood,1,1,38100.0
United Kingdom,Pound Hill,1,1,38100.0
United Kingdom,Preston,1,1,38100.0
United Kingdom,Putney,1,1,82550.0
United Kingdom,Quinton,1,1,55987.8103
United Kingdom,Randalstown,1,1,52869.1094
United Kingdom,Reading,3,2,62409.9463
United Kingdom,Redhill,1,1,36259.0334
United Kingdom,Reigate,1,1,100226.66010000001
United Kingdom,Richmond,1,1,67807.3066
United Kingdom,Ripley,2,1,58112.5076
United Kingdom,Rochdale,4,1,44903.278874999996
United Kingdom,Rotherham,1,1,44450.0
United Kingdom,Rusholme,8,6,58896.25
United Kingdom,Saintfield,1,1,50832.5755
United Kingdom,Salford,2,1,52751.9011
United Kingdom,Samlesbury,1,1,65375.904299999995
United Kingdom,Sandwich,2,2,43242.5729
United Kingdom,Scotland,1,1,78310.4098
United Kingdom,Severalls Industrial Park,1,1,84559.14
United Kingdom,Shaw,1,1,61317.301799999994
United Kingdom,Sheffield,13,6,67516.79312307692
United Kingdom,Shilbottle,1,1,41562.274000000005
United Kingdom,Shoreham-By-Sea,1,1,44450.0
United Kingdom,Shotover Hill,1,1,40640.0
United Kingdom,Shropshire,2,1,49212.5
United Kingdom,Shuttleworth,2,2,34925.0
United Kingdom,Silverstone,1,1,75134.20330000001
United Kingdom,Slough,1,1,30391.252399999998
United Kingdom,Snedshill,1,1,54334.41
United Kingdom,Sneinton,1,1,44450.0
United Kingdom,Snodland,1,1,44161.71
United Kingdom,Solihull,1,1,49408.410200000006
United Kingdom,South Bersted,1,1,88900.0
United Kingdom,South Croydon,2,2,25714.325
United Kingdom,South East London,6,6,89367.56955
United Kingdom,South West England,1,1,165100.0
United Kingdom,South West London,10,4,89086.08929
United Kingdom,South Wimbledon,1,1,74930.0
United Kingdom,Southampton,3,3,13602.152966666667
United Kingdom,Spitalfields,4,1,53990.8242
United Kingdom,St Pancras,1,1,64112.1654
United Kingdom,St. Augustines,1,1,76200.0
United Kingdom,St. Dials,1,1,43567.769100000005
United Kingdom,St. Ives,1,1,47004.1986
United Kingdom,St. Peters,1,1,38100.0
United Kingdom,Stanley,1,1,26816.05
United Kingdom,Stapleton,1,1,76200.0
United Kingdom,Stepney,1,1,76200.0
United Kingdom,Stepps,1,1,61636.3004
United Kingdom,Stirling,1,1,38100.0
United Kingdom,Stockport,1,1,44450.0
United Kingdom,Stoke Heath,1,1,55247.895599999996
United Kingdom,Stoke-On-Trent,1,1,59155.33
United Kingdom,Stoney Stratton,1,1,44450.0
United Kingdom,Stranmillis,1,1,58677.9116
United Kingdom,Stratford,1,1,50800.0
United Kingdom,Stratford-Upon-Avon,1,1,0.0
United Kingdom,Sunbury-On-Thames,1,1,32283.4
United Kingdom,Surrey,1,1,54724.871499999994
United Kingdom,Sutton Coldfield,2,2,41910.0
United Kingdom,Swansea,1,1,50800.0
United Kingdom,Swillington Common,1,1,0.0
United Kingdom,Swindon,2,2,65059.782250000004
United Kingdom,Sydenham,1,1,56534.977100000004
United Kingdom,Temple Meads,1,1,78740.0
United Kingdom,The City,12,12,86801.14085
United Kingdom,Thirsk,1,1,44450.0
United Kingdom,Thornaby,1,1,26725.7657
United Kingdom,Tingley,1,1,53340.0
United Kingdom,Tower Bridge,1,1,98471.15179999999
United Kingdom,Tower Hill,1,1,78650.9603
United Kingdom,Tram Inn,1,1,47705.01
United Kingdom,Turweston,1,1,44450.0
United Kingdom,UK,162,114,49629.91489814815
United Kingdom,Uphampton,1,1,63500.0
United Kingdom,Upton Scudamore,1,1,83270.57260000001
United Kingdom,Uxbridge,2,2,56186.07
United Kingdom,Victoria,2,2,291556.694
United Kingdom,Wakefield,1,1,53340.0
United Kingdom,Walsall,3,2,49606.365099999995
United Kingdom,Warminster,5,4,74997.10426000001
United Kingdom,Warnham,1,1,54556.66
United Kingdom,Warrington,1,1,45124.331900000005
United Kingdom,Warwick,2,2,83811.19255
United Kingdom,Warwickshire,1,1,148590.0
United Kingdom,Wasdale Head,2,2,30798.9859
United Kingdom,Waterloo,3,3,51059.54143333333
United Kingdom,West Camel,2,1,51247.04
United Kingdom,West Harnham,1,1,52705.0
United Kingdom,West London,2,2,85725.0
United Kingdom,West Midlands,1,1,57150.0
United Kingdom,Westminster,1,1,38100.0
United Kingdom,Wherstead,1,1,61651.9468
United Kingdom,Whiteinch,1,1,0.0
United Kingdom,Wimbledon,1,1,38100.0
United Kingdom,Wishaw,1,1,41910.0
United Kingdom,Witham Town,1,1,36830.0
United Kingdom,Witney,1,1,32139.9408
United Kingdom,Woking,1,1,82548.73
United Kingdom,Wolverhampton,4,4,52141.332725
United Kingdom,Woodston,1,1,38100.0
United Kingdom,Worcestershire,2,1,52817.248949999994
United Kingdom,Yeovil,2,2,51901.78215
United Kingdom,York,1,1,31750.0
United States,Aberdeen,2,2,150732.925
United States,Aberdeen Proving Ground,1,1,113245.67
United States,Abilene,1,1,38622.94
United States,Addison,2,1,89500.0
United States,Aiea,2,2,84856.985
United States,Akron,3,2,109811.36666666665
United States,Alabama,9,8,90937.23111111112
United States,Alameda,2,2,91937.81
United States,Alameda Pt,2,2,95269.985
United States,Alaska,3,2,81989.78666666667
United States,Alexandria,14,6,127703.46785714287
United States,Allen,4,2,91500.0
United States,Allendale,1,1,59466.58
United States,Alondra Park,4,3,115060.9275
United States,Alpharetta,5,5,95459.462
United States,Alviso,1,1,149866.83
United States,Amarillo,1,1,88000.0
United States,Anaheim,1,1,35767.21
United States,Anchorage,1,1,80687.49
United States,Anderson,1,1,82133.48
United States,Andover,1,1,87845.77
United States,Ann Arbor,2,2,94245.035
United States,Annandale,2,2,90512.83499999999
United States,Annapolis,8,7,129999.85875
United States,Archer,5,4,126978.79
United States,Arizona,5,3,80416.114
United States,Arizona City,1,1,66072.25
United States,Arkansas,5,5,75334.76999999999
United States,Arlington,22,18,106216.5359090909
United States,Ashburn,2,2,101920.07
United States,Ashville,2,1,119953.64
United States,Aspen Hill,2,1,95000.0
United States,Atlanta,29,22,107378.7348275862
United States,Auburn,1,1,38030.75
United States,Auburn Hills,1,1,64014.38
United States,Augusta,6,5,145836.18666666668
United States,Aurora,2,1,92184.20999999999
United States,Austin,12,4,87111.11750000001
United States,Avondale,3,2,89666.66666666667
United States,Avondale Estates,2,1,90000.0
United States,Baileys Crossroads,2,2,90594.255
United States,Baltimore,2,2,100891.54999999999
United States,Baresville,1,1,119594.5
United States,Barrett Parkway,1,1,90000.0
United States,Barton Hills,2,2,90928.66
United States,Baton Rouge,11,9,104319.24636363635
United States,Beaufort,1,1,101037.57
United States,Bedford,4,2,101367.625
United States,Bee Cave,14,11,94544.84071428572
United States,Bellevue,2,2,113031.94
United States,Bellview,1,1,72990.66
United States,Bemidji,2,2,99809.52
United States,Benson,2,2,95920.965
United States,Benton,1,1,52026.2
United States,Berkeley Lake,2,2,98179.78
United States,Berlin,1,1,121286.37
United States,Bethesda,8,6,86863.27875
United States,Bettendorf,1,1,135000.0
United States,Big Cove,1,1,113826.79
United States,Billings,1,1,90380.79
United States,Birmingham,3,3,93299.56999999999
United States,Bismarck,7,6,107443.83857142857
United States,Blackhawk Village,1,1,135000.0
United States,Bloomfield,2,2,115526.97
United States,Bloomington,5,4,93318.392
United States,Blue Hills,3,3,113683.75333333334
United States,Boca Raton,1,1,62726.38
United States,Boise,7,6,98522.93571428572
United States,Bonnie,7,6,102717.80428571429
United States,Borger,1,1,88000.0
United States,Boston,23,20,87379.53347826087
United States,Boulder,1,1,153582.58
United States,Brentwood,5,3,83649.15400000001
United States,Bridgeport,1,1,107764.72
United States,Bridgeville,1,1,34302.85
United States,Bridgewater,1,1,130423.67
United States,Brooklyn,1,1,109632.89
United States,Brooklyn Heights,1,1,112738.88
United States,Brooklyn Park,1,1,58390.96
United States,Buckingham,1,1,91000.0
United States,Buffalo Grove,1,1,87000.0
United States,Burbank,2,2,74635.45
United States,Burleson,1,1,88000.0
United States,Burlington,1,1,80455.29
United States,Burnsville,1,1,86746.2
United States,Cabin John,2,1,95000.0
United States,California,11,10,95409.91272727273
United States,California City,1,1,50470.89
United States,Cammack Village,6,5,147180.45333333334
United States,Camp Hill,1,1,68396.48
United States,Camp Lejeune,4,1,113348.8375
United States,Campbell,4,3,119363.2675
United States,Canton,1,1,65289.59
United States,Capitol,1,1,67629.23
United States,Carbondale,1,1,24680.38
United States,Carrollton,2,2,29356.190000000002
United States,Carson,1,1,140734.64
United States,Carson Mall,6,5,114374.51333333332
United States,Cary,3,3,92705.06333333334
United States,Caryville,2,2,129318.63
United States,Casa Blanca,1,1,100696.85
United States,Cascade,1,1,135000.0
United States,Cedar,7,6,106282.98285714285
United States,Cedar Rapids,1,1,142728.84
United States,Celebration,2,2,82281.675
United States,Centennial,2,2,113369.20999999999
United States,Centerdale,3,2,71614.78333333334
United States,Chamberlayne,10,10,94286.63
United States,Chamblee,1,1,58373.71
United States,Champaign,1,1,77623.12
United States,Chantilly,7,6,90349.45142857144
United States,Charleston,7,6,102898.89
United States,Charlotte,45,26,97161.2791111111
United States,Cheektowaga,5,3,97663.67199999999
United States,Chesapeake,1,1,84999.45
United States,Chesapeake City,3,1,52648.746666666666
United States,Chicago,30,24,90501.58866666668
United States,Chillum,1,1,95000.0
United States,Chisolm,5,5,92754.39
United States,Cicero,1,1,76241.49
United States,Clarkston,2,1,92500.0
United States,Clear Creek,1,1,98204.87
United States,Clearfield,2,1,154206.86
United States,Cleveland,4,4,76608.06
United States,Clinton,3,1,69751.34
United States,Cloverdale,1,1,58751.36
United States,College Station,1,1,53450.38
United States,Collierville,2,1,79454.555
United States,Colorado,4,4,96376.485
United States,Colorado Springs,3,2,65782.23
United States,Columbia,3,3,90900.83333333333
United States,Como,1,1,123113.55
United States,Concord,7,6,147567.17428571428
United States,Conestee,1,1,80110.75
United States,Conley,1,1,90000.0
United States,Connecticut,7,6,92450.26285714285
United States,Conroe,1,1,55587.07
United States,Coppell,5,3,80745.826
United States,Corning,3,3,82850.85333333333
United States,Costa Mesa,1,1,120917.95
United States,Cotati,3,2,92742.95666666667
United States,Cottage,1,1,95000.0
United States,Country Club,1,1,63553.97
United States,Country Park Acres,1,1,162986.22
United States,Cranston,3,1,92018.54333333333
United States,Creve Coeur,3,3,102672.88666666667
United States,Crystal,13,7,111721.47769230769
United States,Cupertino,1,1,135140.81
United States,Custom House,1,1,51633.54
United States,Cut Off,1,1,74006.72
United States,Dahlgren,4,4,106931.0025
United States,Dallas,1,1,83911.8
United States,Darien,2,1,87000.0
United States,Davidson,1,1,160480.33
United States,Dayton,4,3,101418.16249999999
United States,Dearborn,1,1,170553.84
United States,Dearborn Heights,1,1,70701.67
United States,Decatur,1,1,155000.0
United States,Deerfield,1,1,78695.05
United States,Deerfield Beach,1,1,86021.9
United States,Del City,1,1,96000.0
United States,Delaware,1,1,51036.32
United States,Delaware County,2,2,43643.545
United States,Denver,16,13,108719.373125
United States,Derwood,2,2,86644.85
United States,Des Moines,7,6,96877.56000000001
United States,Des Plaines,2,2,104450.25
United States,Detroit,4,3,132590.6625
United States,Diamond,1,1,176934.05
United States,Downingtown,1,1,73151.63
United States,Driver,1,1,135000.0
United States,Druid,1,1,75912.83
United States,Dublin,2,1,85313.32500000001
United States,Dulles Town Center,2,2,119927.375
United States,Duluth,8,3,125175.0
United States,Dunaire,2,1,90000.0
United States,Duncanville,1,1,88000.0
United States,Durham,4,3,79848.635
United States,Eagle River,2,2,111345.83499999999
United States,East Case,6,6,99771.40833333333
United States,East Grand Forks,1,1,145000.0
United States,East Hanover,1,1,121987.37
United States,East Hartford,2,1,161810.69
United States,East Irvine,4,4,120138.73
United States,East Lake-Orient Park,1,1,88322.83
United States,East Millstone,1,1,149267.61
United States,Eatontown,1,1,118048.65
United States,Eau Claire,1,1,93505.45
United States,Eden Prairie,3,3,89481.66333333333
United States,Edgewood,7,6,99310.54714285713
United States,Eglin Air Force Base,1,1,98455.53
United States,El Paso,2,1,75778.01000000001
United States,El Segundo,8,5,86800.77375
United States,Elgin,2,2,82199.65
United States,Elkins Park,7,6,105941.16142857143
United States,Elsmere,5,5,83142.824
United States,Englewood,1,1,91170.48
United States,Enterprise,1,1,149735.11
United States,Euclid,1,1,64988.55
United States,Euless,1,1,91000.0
United States,Evanston,1,1,112302.57
United States,Fairfax,7,6,101498.77428571429
United States,Fairview,2,1,91500.0
United States,Falls Church City,1,1,83317.81
United States,Fargo,3,3,103525.23999999999
United States,Farmers Branch,4,2,76042.4025
United States,Farmington Hills,1,1,110668.23
United States,Fate,1,1,88000.0
United States,Financial District,5,1,135200.0
United States,Findlay,1,1,116350.22
United States,Fitchburg,2,2,114316.66500000001
United States,Five Corners,13,10,98759.40538461538
United States,Five Points,7,6,111596.81857142856
United States,Flatbush,1,1,147391.34
United States,Florence,1,1,79108.07
United States,Florida,12,6,95721.4525
United States,Flower Mound,1,1,91000.0
United States,Forbes Village,3,2,137923.91
United States,Forest Heights,1,1,116890.52
United States,Forest Park,2,1,90000.0
United States,Fort Belvoir,3,3,69148.77333333333
United States,Fort Bragg,1,1,76947.48
United States,Fort George G Meade,1,1,99139.0
United States,Fort Huachuca,1,1,72973.47
United States,Fort Lauderdale,3,3,68258.17666666667
United States,Fort Mill,1,1,79247.69
United States,Fort Sam Houston,1,1,74058.27
United States,Fort Shafter,1,1,118357.74
United States,Fort Wayne,2,2,102067.61499999999
United States,Fort Worth,13,6,107685.45692307691
United States,Foster City,3,2,95557.42
United States,Fountainebleau,5,4,116247.56000000001
United States,Fox Valley,1,1,87000.0
United States,Framingham,1,1,87784.38
United States,Frankfort,8,7,108857.9525
United States,Franklin,2,1,95967.95999999999
United States,Frazer,7,2,104740.28857142858
United States,Frederick,1,1,65169.41
United States,Fremont,1,1,93790.8
United States,Frisco,3,1,81058.09
United States,Fry,1,1,74457.53
United States,Garfield Heights,1,1,52610.36
United States,Georgetown,2,2,132699.60499999998
United States,Georgia,19,15,90153.07105263158
United States,Georgiana,2,1,55412.695
United States,Germantown,3,2,107319.13666666666
United States,Gilbert,2,2,108337.065
United States,Glen Echo,1,1,95000.0
United States,Glendale,18,15,109160.54444444444
United States,Goodhope,1,1,63918.55
United States,Grand Central,59,50,120580.73101694915
United States,Grand Prairie,4,3,86885.105
United States,Grandview Heights,8,7,118825.4675
United States,Grandville,1,1,77688.81
United States,Grapevine,3,1,90333.33333333333
United States,Great Falls,1,1,95000.0
United States,Green Meadow,1,1,95000.0
United States,Greene,1,1,76445.57
United States,Greensboro,2,1,83160.08
United States,Greenville,1,1,58770.69
United States,Greenwood Village,2,2,64119.57000000001
United States,Guadalupe,2,2,111036.495
United States,Hampton Roads,1,1,92884.91
United States,Hanover,3,3,92320.38666666667
United States,Hanover Township,1,1,119455.2
United States,Harlingen,1,1,41544.31
United States,Harmans,1,1,116203.95
United States,Hartford,2,2,104961.56
United States,Hatfield,1,1,82678.1
United States,Havelock,1,1,73458.6
United States,Hawaii,4,3,92168.8775
United States,Hawthorn Woods,1,1,61249.84
United States,Hayes Valley,27,22,117073.53370370371
United States,Helena,6,5,110817.51166666667
United States,Herndon,9,6,133683.0
United States,Hialeah,1,1,75363.88
United States,Highland Beach,3,3,75946.09000000001
United States,Highland Park,16,14,99218.67874999999
United States,Hillcrest Heights,3,3,105469.26333333335
United States,Holland,3,2,73576.89
United States,Holy City,1,1,100597.89
United States,Hopeful Heights,1,1,96314.69
United States,Hopkins,1,1,69864.18
United States,Hopkinsville,1,1,71743.05
United States,Horsham,2,1,88050.485
United States,Houston,10,10,94050.008
United States,Hudson,3,1,71937.03333333334
United States,Huntington,1,1,97814.82
United States,Huntsville,23,19,97664.61739130436
United States,Hurlburt Field,1,1,136274.53
United States,Hyde Park,4,4,102835.4275
United States,Idaho,4,4,82442.95999999999
United States,Ignacio,1,1,141336.67
United States,Illinois,9,7,92117.72333333333
United States,Impact,1,1,43431.73
United States,Indiana,4,4,79055.51749999999
United States,Indianapolis,7,7,73504.26
United States,International Falls,1,1,84954.95
United States,Iowa,3,3,81640.42
United States,Irvine,2,2,83142.16
United States,Irving,11,7,92802.89
United States,Iselin,2,1,125749.87
United States,Jacks Cabin,2,2,91005.255
United States,Jackson,7,6,91482.05428571429
United States,Jacksonville,2,2,68437.505
United States,Jamestown,1,1,98676.05
United States,Jefferson City,1,1,89716.53
United States,Jericho,1,1,128402.13
United States,Jersey City,4,3,96718.1925
United States,Johns Creek,1,1,90000.0
United States,Joliet,1,1,79993.34
United States,Juno Beach,3,2,99423.02999999998
United States,Kansas,6,6,84162.28833333333
United States,Kansas City,8,7,76311.07125
United States,Kenilworth,2,1,87000.0
United States,Kensington,1,1,95000.0
United States,Kentucky,3,3,77801.41333333333
United States,Kettering,1,1,88423.96
United States,Kildeer,2,1,87000.0
United States,Knoxville,3,3,66612.56
United States,La Cienga,7,6,137247.2814285714
United States,La Crosse,1,1,51879.79
United States,La Fayette,1,1,72831.36
United States,Lackland Air Force Base,1,1,111073.41
United States,Lafayette,1,1,76625.48
United States,Lake Charles,1,1,88000.0
United States,Lake Dallas,7,6,95366.97571428571
United States,Lake Mary,2,2,91840.34
United States,Lake Spivey,2,1,90000.0
United States,Lancaster,1,1,70620.67
United States,Lansing,6,5,102992.06
United States,Lathrup Village,1,1,61787.71
United States,Lauderdale,11,9,113394.64363636365
United States,Laurel,1,1,91098.69
United States,Laurelville,1,1,110634.89
United States,Lawrenceville,2,1,90000.0
United States,League City,2,1,58303.270000000004
United States,Lewistown,1,1,98269.98
United States,Lexington,7,6,100074.24571428572
United States,Lexington Park,3,3,98215.32
United States,Lilburn,1,1,90000.0
United States,Lincoln,3,3,103385.05
United States,Lincolnshire Woods,3,3,90890.57333333332
United States,Lionshead Lake,1,1,82379.26
United States,Lithia Springs,2,1,90000.0
United States,Little Elm,2,1,91500.0
United States,Los Angeles,13,10,97860.09538461539
United States,Louisiana,6,4,76637.42166666666
United States,Louisville,3,3,108589.66333333333
United States,Loves Park,1,1,135000.0
United States,Lynchburg,1,1,62378.0
United States,Mableton,2,1,90000.0
United States,MacDill Air Force Base,3,2,95609.25
United States,Madison,20,11,103658.473
United States,Magnolia Park,1,1,51623.06
United States,Maine,4,4,84661.4525
United States,Manchester,4,4,103173.0
United States,Manhasset,1,1,80354.61
United States,Manhattan,1,1,117154.12
United States,Mansfield,1,1,88000.0
United States,Marlborough,1,1,60995.87
United States,Marshalltown,1,1,53777.09
United States,Marshfield,1,1,83042.87
United States,Maryland,10,8,88985.514
United States,Maryland Heights,3,3,86085.91666666667
United States,Mason,1,1,99519.8
United States,Massachusetts,4,4,87235.2
United States,Massillon,1,1,105798.75
United States,Mc Lean,5,5,94062.6
United States,Mccutchanville,1,1,135000.0
United States,Mckinney,2,1,199946.61
United States,Melville,2,2,89634.775
United States,Menands,1,1,126959.23
United States,Menlo Park,1,1,93818.98
United States,Merrifield,4,3,116542.2025
United States,Merrimack,1,1,143627.17
United States,Mesquite,3,2,89000.0
United States,Metairie Terrace,1,1,112051.06
United States,Miami,8,6,98910.37125
United States,Michigan,9,5,90323.76555555555
United States,Michigan City,1,1,60777.54
United States,Middleborough,1,1,122580.49
United States,Middleburg Heights,1,1,59949.96
United States,Middletown,1,1,80662.41
United States,Milford,1,1,80512.7
United States,Millington,2,2,86129.255
United States,Milton,3,3,74754.34666666666
United States,Milwaukee,3,3,81993.8
United States,Minerva Park,7,6,105102.42714285714
United States,Minneapolis,17,13,90285.34294117648
United States,Minnesota,7,7,86267.73714285714
United States,Minnetonka,2,2,77939.16
United States,Minnetonka Mills,1,1,75605.48
United States,Miramar,1,1,77917.57
United States,Mississippi,4,3,73631.7425
United States,Missouri,11,5,102127.12909090909
United States,Mojave,1,1,88343.55
United States,Moline,1,1,41937.28
United States,Mongmong,5,4,123316.968
United States,Montana,4,4,79675.2075
United States,Montclair,1,1,84521.47
United States,Monte Vista,2,1,131674.445
United States,Montevallo,1,1,79730.73
United States,Montgomery,1,1,94390.74
United States,Montgomery Village,1,1,95000.0
United States,Montpelier,6,5,106392.43333333333
United States,Montrose,1,1,57704.64
United States,Moorestown,2,1,156794.395
United States,Moreno Valley,1,1,76406.06
United States,Morris Plains,1,1,60416.12
United States,Morrisville,1,1,76146.95
United States,Morrow,2,1,90000.0
United States,Mount Berry,2,1,90000.0
United States,Mount Laurel,2,1,58821.985
United States,Mount Pocono,1,1,111290.56
United States,Mount Rainier,16,10,101002.08125
United States,Mount Weather,1,1,121362.04
United States,Mountain View,6,5,141050.21166666667
United States,Mundelein,2,2,98374.885
United States,Naperville,2,2,93764.33
United States,Nashville,16,12,96191.549375
United States,National Harbor,2,1,153225.27000000002
United States,Nebraska,8,7,86934.76
United States,Nellis Air Force Base,1,1,79889.73
United States,Nevada,3,3,80861.11
United States,New Hampshire,5,4,84762.484
United States,New Haven,1,1,63486.42
United States,New Jersey,9,8,113065.81
United States,New Mexico,4,3,82050.8625
United States,New York,2,2,75574.77
United States,New York City,5,4,126055.472
United States,Newark,11,10,97687.04090909091
United States,Newburgh Heights,3,3,126851.62333333334
United States,Newport News,1,1,92523.93
United States,Nichols Hills,4,3,136217.5775
United States,Norfolk,4,4,110127.7625
United States,Norfolk Downs,15,7,116754.06466666666
United States,North Bethesda,1,1,95000.0
United States,North Brentwood,1,1,106546.51
United States,North Cambridge,1,1,121117.38
United States,North Carolina,18,11,86981.7688888889
United States,North Chevy Chase,1,1,95000.0
United States,North Dakota,4,4,82657.02249999999
United States,North Little Rock,1,1,48850.61
United States,North Springfield,6,4,111615.88166666667
United States,North Springs,1,1,100910.46
United States,Northbrook,2,1,95012.405
United States,Northlake,18,14,99539.98833333334
United States,Northwoods,1,1,87000.0
United States,Novato,1,1,125966.66
United States,Ny State Campus,68,52,105847.15411764706
United States,O'Fallon,1,1,105464.5
United States,Oak Brook,1,1,103727.98
United States,Oak Harbor,1,1,161110.73
United States,OakLeaf Plantation,1,1,108233.66
United States,Oakbrook Terrace,1,1,95954.02
United States,Oakland,6,3,134831.07
United States,Oaklandon,3,1,56160.0
United States,Oakton,4,4,81190.3575
United States,Oakwood,2,2,136526.9
United States,Odenton,1,1,151827.31
United States,Offutt Air Force Base,5,4,96610.92
United States,Ohio,11,8,73850.59272727273
United States,Oklahoma,6,4,82315.035
United States,Oklahoma City,12,11,92988.6025
United States,Omaha,5,3,89945.802
United States,Orlando,30,3,56858.60666666667
United States,Oshkosh,1,1,119847.05
United States,Palm Valley,1,1,45285.55
United States,Palmer,3,3,89095.13666666667
United States,Palmetto,1,1,54373.29
United States,Palms,1,1,123515.63
United States,Palo Alto,2,2,131945.645
United States,Palos Park,2,1,87000.0
United States,Pantego,3,3,94571.63333333332
United States,Park Hills,3,3,97498.55
United States,Park Ridge,2,2,62713.285
United States,Parkway,1,1,90000.0
United States,Parsippany Troy Hills,1,1,129965.88
United States,Pasadena,2,2,74984.535
United States,Patrick Air Force Base,3,2,120359.32333333332
United States,Pelham,1,1,43784.56
United States,Pennsylvania,11,8,85655.54363636364
United States,Perrysburg,1,1,135000.0
United States,Philadelphia,5,4,79890.15400000001
United States,Philatelic,13,6,157560.74000000002
United States,Phillips Ranch,1,1,93906.08
United States,Phoenix,23,19,90570.5252173913
United States,Pierpont,1,1,161435.56
United States,Pierre,4,3,164878.315
United States,Pimmit,12,9,93938.315
United States,Pine Lake,1,1,90000.0
United States,Pinehaven,1,1,99786.86
United States,Pineridge,3,3,74981.0
United States,Piscataway,1,1,152722.31
United States,Pittsburgh,3,3,68305.78333333334
United States,Plano,14,12,86067.85357142857
United States,Plaza,1,1,90136.16
United States,Pleasant Grove,1,1,111272.31
United States,Plum,1,1,78170.48
United States,Plymouth,1,1,62276.36
United States,Port Hueneme,2,2,47060.725
United States,Portland,4,4,96521.7325
United States,Potomac,1,1,95000.0
United States,Preble,1,1,135000.0
United States,Preuss,1,1,115000.0
United States,Princeton,3,1,37440.0
United States,Progress,3,2,85781.59999999999
United States,Prosper,3,1,90333.33333333333
United States,Providence,8,7,106813.1675
United States,Provo,1,1,97683.2
United States,Puerto Rico,1,1,67162.99
United States,Quantico,1,1,78311.8
United States,Queensborough,3,3,146205.09666666665
United States,Quincy,1,1,62994.77
United States,Quivira,1,1,117841.12
United States,Raleigh,4,4,133149.615
United States,Rancho Dominguez,1,1,53821.43
United States,Raritan,2,1,101937.89
United States,Red Oak,3,1,91666.66666666667
United States,Redmond,4,4,108103.82
United States,Redstone Arsenal,8,7,90470.2975
United States,Reno,2,1,62081.205
United States,Reston,10,9,137547.884
United States,Rhode Island,4,4,89328.735
United States,Richardson,5,3,98229.624
United States,Richmond,12,11,87744.95916666667
United States,Ridgecrest,3,1,73160.0
United States,Ridgeland,1,1,73838.66
United States,Riverdale,2,1,90000.0
United States,Riverwoods,1,1,76746.96
United States,Rochester,6,3,88607.11166666668
United States,Rockville,1,1,86454.41
United States,Rohnert Park,2,1,61646.78
United States,Rosemont,3,1,95344.69
United States,Rosslyn,8,2,132419.5225
United States,Rowlett,3,2,89333.33333333333
United States,Rubidoux,1,1,100619.48
United States,Rye Brook,1,1,105000.95
United States,Sacramento,5,4,95720.838
United States,Saint Bernard,1,1,95760.22
United States,Saint Cloud,1,1,135000.0
United States,Saint Francis,5,4,86998.042
United States,Saint Louis,8,8,94028.18375
United States,Saint Paul,12,11,86751.90000000001
United States,Salem,7,6,95432.22
United States,Salinas,1,1,74000.02
United States,Salt Lake City,9,7,98736.26555555555
United States,San Bernardino,1,1,102287.38
United States,San Carlos,1,1,110236.36
United States,San Diego,10,8,122108.31999999999
United States,San Francisco,1,1,75242.09
United States,San Jose,1,1,70296.79
United States,San Mateo,2,2,165853.4
United States,San Ramon,4,4,110194.2425
United States,Sandy Hook,1,1,104770.48
United States,Sandy Plains,3,1,91666.66666666667
United States,Sansom Park,2,1,94641.15
United States,Santa Ana,3,3,109305.77333333333
United States,Santa Clara,4,2,168502.5825
United States,Santa Monica,1,1,142377.69
United States,Satellite Beach,1,1,102591.2
United States,Sausalito,2,2,141277.7
United States,Savage,2,2,135943.435
United States,Savannah,2,1,46278.43
United States,Schaumburg,2,2,113814.33
United States,Schiller Park,29,24,108052.48034482759
United States,Schriever Air Force Base,1,1,100424.59
United States,Scott Air Force Base,2,2,131735.885
United States,Scottdale,2,1,90000.0
United States,Scottsdale,1,1,59937.44
United States,Seattle,1,1,71774.73
United States,Secaucus,5,2,109575.76200000002
United States,Seven Corners,1,1,95000.0
United States,Sierra,1,1,93265.62
United States,Signal Hill,1,1,62682.61
United States,Silver Spring,1,1,60763.74
United States,Simpsonville,1,1,92119.1
United States,Sioux Falls,2,2,121725.735
United States,Skillman,1,1,37440.0
United States,Sleepy Hollow,1,1,92845.59
United States,Smyrna,1,1,90000.0
United States,Somerset,2,2,98711.98999999999
United States,Somerville,1,1,89335.15
United States,South,2,2,117125.96
United States,South Boston,16,15,108231.441875
United States,South Carolina,5,4,79292.16399999999
United States,South Dakota,7,4,84501.25857142857
United States,South Des Moines,1,1,135000.0
United States,South Haven,1,1,39035.57
United States,South International Falls,1,1,118809.31
United States,South Lake,1,1,98000.0
United States,South Norfolk,4,4,107721.7525
United States,South Riding,1,1,46305.29
United States,South San Francisco,30,23,117424.27233333333
United States,South Valley,1,1,90082.8
United States,South Waltham,2,1,71954.57
United States,Southaven,1,1,147727.39
United States,Southglenn,1,1,154720.88
United States,Southington,1,1,60284.38
United States,Spencer,3,1,40068.329999999994
United States,Springfield,12,7,94658.86916666666
United States,St Marys,1,1,135000.0
United States,St Paul,2,1,89500.0
United States,Stamford,2,2,90171.875
United States,Stanford,1,1,87790.58
United States,State Farm,26,17,130590.33423076922
United States,State House,7,6,118732.65857142858
United States,Staunton,1,1,146374.66
United States,Stockton,1,1,97524.95
United States,Stone Mountain,1,1,74213.73
United States,Stratmoor Hills,2,2,176023.22
United States,Suffolk,1,1,58982.66
United States,Sully Station,1,1,95000.0
United States,Sunnyvale,1,1,122380.63
United States,Sunrise,3,1,60966.69
United States,Superior,4,1,89076.35250000001
United States,Talcott Village,8,7,103782.24
United States,Tallahassee,2,2,67874.465
United States,Tampa,7,7,101249.96142857142
United States,Tampa Palms,9,7,129743.73000000001
United States,Tennessee,4,3,84724.27
United States,Texas,18,11,83641.08333333333
United States,Texas City,4,3,90607.81999999999
United States,Textile Finance,11,8,119089.38818181818
United States,The Colony,5,3,90681.424
United States,The Loop,1,1,95000.0
United States,Thompsons Station,1,1,77665.85
United States,Times Square,6,4,108292.63166666667
United States,Topeka,8,7,96279.67375
United States,Torrance,1,1,102483.44
United States,Trade,10,4,124729.079
United States,Trammells,8,6,100767.77375
United States,Travelers Rest,2,2,115511.975
United States,Trenton,6,5,103275.81666666667
United States,Triana,3,3,52658.19
United States,Triangle,3,2,137979.05
United States,Troy,1,1,67080.67
United States,Tuckahoe,1,1,95968.57
United States,Tucker,2,1,90000.0
United States,Tulsa,2,2,68390.0
United States,Tumwater,6,5,110304.68333333333
United States,Tuscaloosa,1,1,32979.98
United States,Tuxedo,1,1,105887.27
United States,Tyler Park,2,1,139896.885
United States,Tysons,2,2,85971.76000000001
United States,Tysons Corner,4,4,100928.7125
United States,US,168,140,90847.88279761905
United States,Universal City,1,1,82971.54
United States,University,2,1,46019.13
United States,University Park,3,1,90333.33333333333
United States,Uptown,8,7,119948.82625
United States,Urbanización El Vedado,5,4,106494.79
United States,Utah,6,5,107940.50166666666
United States,Valhalla,1,1,76953.42
United States,Vermont,2,2,80229.13
United States,Verona,1,1,45737.72
United States,Vets Row,1,1,135000.0
United States,Vienna,3,2,84821.68666666666
United States,Vigus,1,1,104982.33
United States,Virginia,13,13,97582.09923076924
United States,Virginia Beach,3,2,60070.299999999996
United States,Wake Island,7,6,96554.54857142856
United States,Walla Walla,1,1,102212.88
United States,Warner Robins,1,1,68731.59
United States,Warroad,1,1,135000.0
United States,Washington,51,36,108329.88215686275
United States,Washington Grove,1,1,95000.0
United States,"Washington, D.C.",34,27,110569.53911764706
United States,Watkins,1,1,105388.39
United States,Waukegan,4,4,72035.6675
United States,Wayne,1,1,74932.66
United States,Webster,1,1,102904.77
United States,Wellston,2,2,112997.315
United States,West Bethesda,4,2,80577.3075
United States,West Burlington,1,1,66211.34
United States,West Falls Church,2,1,134047.08
United States,West Indianapolis,6,5,72312.00166666666
United States,West Lawn,1,1,87000.0
United States,West Mclean,1,1,95000.0
United States,West Milwaukee,3,3,102968.08333333333
United States,West Side,1,1,58767.84
United States,West Springfield,4,4,103240.4875
United States,West Trenton,3,3,105312.45
United States,West Virginia,15,14,85157.13666666667
United States,Westbrook,1,1,111642.96
United States,Westchester,1,1,40914.46
United States,Westchester County,1,1,101236.36
United States,Westerville,1,1,71704.27
United States,Westlake,2,2,78194.67
United States,Westwood,1,1,95492.01
United States,Westworth Village,2,1,94641.15
United States,Wheaton,1,1,100496.63
United States,Whippany,1,1,111456.26
United States,White Plains,1,1,84781.26
United States,Wichita,1,1,56671.91
United States,Willow Run,1,1,103004.52
United States,Wilmington,9,8,82591.51555555555
United States,Windsor,2,2,121012.15
United States,Windsor Locks,2,1,141397.275
United States,Winona Lake,1,1,63626.07
United States,Winter Hill,1,1,121368.52
United States,Winters,1,1,81667.97
United States,Wisconsin,8,8,83176.06375
United States,Wolf Trap,1,1,128433.48
United States,Woodbridge,1,1,95558.42
United States,Woodridge,1,1,123163.34
United States,Wooster,1,1,107786.1
United States,Worcester,2,2,50036.665
United States,Wyoming,4,3,137983.7825
United States,Wyomissing Hills,1,1,157900.28
United States,Yarmouth,1,1,95628.44
