category,country,vacancy_count,avg_min_usd,avg_max_usd
Accounting & Finance Jobs,United Kingdom,94,61209.50595638298,67451.00202021276
Accounting & Finance Jobs,United States,272,90474.99022058824,92412.45345588235
Admin Jobs,United Kingdom,13,42936.867292307696,42936.867292307696
Admin Jobs,United States,45,66980.65555555555,67165.54444444444
Consultancy Jobs,United Kingdom,16,55624.7696875,58998.2071875
Consultancy Jobs,United States,34,92898.27323529412,92898.27323529412
Creative & Design Jobs,United Kingdom,1,0.0,828.04
Creative & Design Jobs,United States,5,62816.654,62816.654
Customer Services Jobs,United States,5,107403.472,107403.472
"Energy, Oil & Gas Jobs",United Kingdom,2,34290.0,34290.0
"Energy, Oil & Gas Jobs",United States,33,96066.35606060606,96066.35606060606
Engineering Jobs,United Kingdom,10,50079.66362,52071.40462
Engineering Jobs,United States,67,117240.46402985074,118106.43417910447
Graduate Jobs,United Kingdom,21,42378.906376190476,43716.034947619046
HR & Recruitment Jobs,United Kingdom,11,55315.2437,58165.35460909091
HR & Recruitment Jobs,United States,96,117937.7909375,131904.45760416667
Healthcare & Nursing Jobs,United Kingdom,1,40732.71,49584.61
Healthcare & Nursing Jobs,United States,74,84334.48337837837,102618.26716216216
Hospitality & Catering Jobs,United Kingdom,1,889.0,889.0
Hospitality & Catering Jobs,United States,1,57744.93,57744.93
IT Jobs,United Kingdom,1037,64628.001067309546,72438.44876985507
IT Jobs,United States,2480,100245.64358870967,101895.59802419355
Legal Jobs,United Kingdom,24,56329.377329166666,56435.2106625
Legal Jobs,United States,4,86413.955,86413.955
Logistics & Warehouse Jobs,United Kingdom,7,44600.66372857143,44600.66372857143
Logistics & Warehouse Jobs,United States,3,81872.22,81872.22
Other/General Jobs,United Kingdom,1,84613.2801,84613.2801
Other/General Jobs,United States,2,45105.365000000005,45105.365000000005
"PR, Advertising & Marketing Jobs",United Kingdom,28,65813.45014285714,67446.03514285714
"PR, Advertising & Marketing Jobs",United States,44,118403.36318181819,118403.36318181819
Part time Jobs,United Kingdom,1,29057.600000000002,29057.600000000002
Part time Jobs,United States,3,69338.77,69338.77
Retail Jobs,United Kingdom,3,39951.647300000004,39951.647300000004
Sales Jobs,United Kingdom,6,125925.82764999999,126560.82764999999
Sales Jobs,United States,12,85121.5225,85121.5225
Scientific & QA Jobs,United Kingdom,14,58242.35875,64879.92303571429
Scientific & QA Jobs,United States,56,76754.3755357143,76754.3755357143
Social work Jobs,United Kingdom,1,50445.4541,50445.4541
Social work Jobs,United States,4,41615.8875,41615.8875
Teaching Jobs,United Kingdom,6,47377.858,47377.858
Teaching Jobs,United States,1,44092.88,44092.88
Trade & Construction Jobs,United Kingdom,6,50800.21166666667,54483.0
Trade & Construction Jobs,United States,6,91306.34000000001,91306.34000000001
